{"cameraMode":{"drawMode":0,"name":"Shaded","section":"Shading Mode"},"sceneLighting":false,"audioPlay":false,"sceneViewState":{"m_AlwaysRefresh":false,"showFog":true,"showSkybox":false,"showFlares":true,"showImageEffects":true,"showParticleSystems":true,"showVisualEffectGraphs":true,"m_FxEnabled":true},"in2DMode":false,"pivot":{"x":4.14017391204834,"y":0.9890642166137695,"z":-9.277524948120118},"rotation":{"x":0.010809478349983693,"y":0.0029953685589134695,"z":-0.00003265622217440978,"w":0.9999387264251709},"size":0.04529893025755882,"orthographic":false}