{"cameraMode":{"drawMode":0,"name":"Shaded","section":"Shading Mode"},"sceneLighting":true,"audioPlay":false,"sceneViewState":{"m_AlwaysRefresh":false,"showFog":true,"showSkybox":true,"showFlares":true,"showImageEffects":true,"showParticleSystems":true,"showVisualEffectGraphs":true,"m_FxEnabled":true},"in2DMode":false,"pivot":{"x":18.557558059692384,"y":-9.428735733032227,"z":127.45626831054688},"rotation":{"x":0.09155462682247162,"y":0.05225062370300293,"z":-0.004811272025108337,"w":0.994420051574707},"size":75.6015396118164,"orthographic":false}