{"cameraMode":{"drawMode":0,"name":"Shaded","section":"Shading Mode"},"sceneLighting":true,"audioPlay":false,"sceneViewState":{"m_AlwaysRefresh":false,"showFog":true,"showSkybox":true,"showFlares":true,"showImageEffects":true,"showParticleSystems":true,"showVisualEffectGraphs":true,"m_FxEnabled":true},"in2DMode":false,"pivot":{"x":191.30776977539063,"y":219.4344940185547,"z":44.33128356933594},"rotation":{"x":0.037676747888326648,"y":0.08084915578365326,"z":-0.0030586172360926868,"w":0.99601149559021},"size":238.13314819335938,"orthographic":false}