{"cameraMode":{"drawMode":0,"name":"Shaded","section":"Shading Mode"},"sceneLighting":true,"audioPlay":false,"sceneViewState":{"m_AlwaysRefresh":false,"showFog":true,"showSkybox":true,"showFlares":true,"showImageEffects":true,"showParticleSystems":true,"showVisualEffectGraphs":true,"m_FxEnabled":true},"in2DMode":false,"pivot":{"x":7.101321220397949,"y":0.019388198852539064,"z":52.834449768066409},"rotation":{"x":0.017995625734329225,"y":0.019495606422424318,"z":-0.000350959540810436,"w":0.9996484518051148},"size":48.26272201538086,"orthographic":false}