{"cameraMode":{"drawMode":0,"name":"Shaded","section":"Shading Mode"},"sceneLighting":true,"audioPlay":false,"sceneViewState":{"m_AlwaysRefresh":false,"showFog":true,"showSkybox":true,"showFlares":true,"showImageEffects":true,"showParticleSystems":true,"showVisualEffectGraphs":true,"m_FxEnabled":true},"in2DMode":false,"pivot":{"x":402.0253601074219,"y":163.28244018554688,"z":-275.02239990234377},"rotation":{"x":0.07374127954244614,"y":-0.0074835726991295818,"z":0.0005556329851970077,"w":0.9972578287124634},"size":37.8007698059082,"orthographic":false}