{"cameraMode":{"drawMode":0,"name":"Shaded","section":"Shading Mode"},"sceneLighting":true,"audioPlay":false,"sceneViewState":{"m_AlwaysRefresh":false,"showFog":true,"showSkybox":true,"showFlares":true,"showImageEffects":true,"showParticleSystems":true,"showVisualEffectGraphs":true,"m_FxEnabled":true},"in2DMode":false,"pivot":{"x":131.44741821289063,"y":-29.650188446044923,"z":-299.24578857421877},"rotation":{"x":0.08926409482955933,"y":0.5915062427520752,"z":-0.06611311435699463,"w":0.7986215353012085},"size":144.0375518798828,"orthographic":false}