{"cameraMode":{"drawMode":0,"name":"Shaded","section":"Shading Mode"},"sceneLighting":false,"audioPlay":false,"sceneViewState":{"m_AlwaysRefresh":false,"showFog":true,"showSkybox":false,"showFlares":true,"showImageEffects":true,"showParticleSystems":true,"showVisualEffectGraphs":true,"m_FxEnabled":true},"in2DMode":false,"pivot":{"x":4.14017391204834,"y":0.9890642166137695,"z":-9.277524948120118},"rotation":{"x":-0.00004332078242441639,"y":0.999341607093811,"z":0.0011896041687577963,"w":0.036292776465415958},"size":1.0610843896865845,"orthographic":false}